"id","localName","rating","locationString","numberOfReviews","addressObj/city","addressObj/country","addressObj/postalcode","addressObj/state","addressObj/street1","addressObj/street2","image"
"319509","‫Mount Uhud‬","4.5","Medina, Al Madinah Province","573","Medina","Saudi Arabia","",,"","","https://media-cdn.tripadvisor.com/media/photo-o/0c/d6/59/56/the-gap-in-the-rock-of.jpg"
"319489","‫National Museum‬","4.5","Riyadh, Riyadh Province","711","Riyadh","Saudi Arabia","11481",,"8745 King Saud Rd, 2722 King Faisal Road","King Abdulaziz Historical Center","https://media-cdn.tripadvisor.com/media/photo-o/11/d7/4c/ab/entrance.jpg"
"4354316","‫Desert Rose Tourism‬","5","Abu Dhabi, Emirate of Abu Dhabi","3683","Abu Dhabi","United Arab Emirates",,,,,"https://media-cdn.tripadvisor.com/media/photo-o/10/f9/30/f2/experience-the-best-of.jpg"
"15843662","‫Popeye Jetski Rental‬","5","Dubai, Emirate of Dubai","6622","Dubai","United Arab Emirates",,,"fishing harbour2, Umm Suqueim 1, Main Entrance Jumeirah 4",,"https://media-cdn.tripadvisor.com/media/photo-m/1280/28/da/0e/e3/popeye-s-team-always.jpg"
"2521371","‫Emirates Tours & Safari LLC‬","5","Abu Dhabi, Emirate of Abu Dhabi","5253","Abu Dhabi","United Arab Emirates",,,,,"https://media-cdn.tripadvisor.com/media/photo-m/1280/2a/04/3a/7a/emirates-tours-desert.jpg"
"319519","نافورة الملك فهد","4.5","Jeddah, Makkah Province","1254","Jeddah","Saudi Arabia","",,,"","https://media-cdn.tripadvisor.com/media/photo-o/0a/d3/4e/25/illuminate-the-fountain.jpg"
"9754719","‫Big Red Adventure Tours‬","5","Dubai, Emirate of Dubai","5433","Dubai","United Arab Emirates",,,"Hatta Road",,"https://media-cdn.tripadvisor.com/media/photo-o/2b/2e/78/88/can-am-maverick-r.jpg"
"8771111","‫Oceanair Travels‬","5","Abu Dhabi, Emirate of Abu Dhabi","5867","Abu Dhabi","United Arab Emirates",,,,,"https://media-cdn.tripadvisor.com/media/photo-o/10/e5/19/48/top-rated-abu-dhabi-desert.jpg"
"8837269","‫Nemo WaterSports Dubai Jet Ski & Flyboard‬","5","Dubai, Emirate of Dubai","7289","Dubai","United Arab Emirates","53415",,"Jumeirah Road","Umm Suqeim Fishing Harbour, Umm Suqueim 2","https://media-cdn.tripadvisor.com/media/photo-o/16/e6/5e/c3/dubai-skyline-is-the.jpg"
"2195533","‫Red Sea Mall‬","4.5","Jeddah, Makkah Province","950","Jeddah","Saudi Arabia","21146",,"King Abdulaziz Road","","https://media-cdn.tripadvisor.com/media/photo-o/03/e0/ae/a9/lovely-skylight.jpg"
"563489","‫Arabian Adventures‬","4.5","Dubai, Emirate of Dubai","7329","Dubai","United Arab Emirates",,,,,"https://media-cdn.tripadvisor.com/media/photo-o/19/5e/3a/09/premium-sundowner-safari.jpg"
"543488","‫Dream Journey‬","5","Dubai, Emirate of Dubai","8446","Dubai","United Arab Emirates",,,,,"https://media-cdn.tripadvisor.com/media/photo-m/1280/2c/33/53/b3/red-dune-safari-in-lahbab.jpg"
"6438675","‫Xclusive Yachts‬","5","Dubai, Emirate of Dubai","16713","Dubai","United Arab Emirates","126012",,"Dubai Marina",,"https://media-cdn.tripadvisor.com/media/photo-m/1280/19/42/a9/a2/xclusive-yachts-now-offers.jpg"
"3596217","‫Platinum Heritage‬","5","Dubai, Emirate of Dubai","5963","Dubai","United Arab Emirates",,,,,"https://media-cdn.tripadvisor.com/media/photo-m/1280/25/38/ea/38/platinum-heritage-desert.jpg"
"15512783","‫Mermaids of Arabia‬","5","Dubai, Emirate of Dubai","1200","Dubai","United Arab Emirates","32868",,"Dubai","Mermaids of Arabia, The Dubai Mall  ","https://media-cdn.tripadvisor.com/media/photo-m/1280/21/ef/c1/81/caption.jpg"
"10724403","جولات فالكون","5","Doha","9218","Doha","Qatar",,,,,"https://media-cdn.tripadvisor.com/media/photo-o/13/0f/f4/ac/falcon-tours-qatar.jpg"
"9828124","‫Hydro Water Sports‬","5","Dubai, Emirate of Dubai","1731","Dubai","United Arab Emirates",,,"Palm Jumeirah Road",,"https://media-cdn.tripadvisor.com/media/photo-m/1280/1a/4e/74/3a/flyboard-session.jpg"
"6628742","‫City One Tourism & Travel‬","5","Dubai, Emirate of Dubai","2411","Dubai","United Arab Emirates","233191",,"G04, Tamani Arts Offices, Business Bay","Opposite Double Tree by Hilton Business Bay","https://media-cdn.tripadvisor.com/media/photo-o/05/e0/86/a8/city-one-tourism-travel.jpg"
"2698363","‫Lebanon Tours and Travels - Day Tours‬","5","Beirut","1647","Beirut","Lebanon","1135309",,"Hamra","Supermarket Fakhani Bldg - 4 th floor","https://media-cdn.tripadvisor.com/media/photo-o/02/db/a5/40/towering-pillars-balbeck.jpg"
"23838303","‫Prime Oscar Tours‬","5","Dubai, Emirate of Dubai","2114","Dubai","United Arab Emirates","5345",,"Ibn Batutta street",,"https://media-cdn.tripadvisor.com/media/photo-w/21/d6/6d/f3/caption.jpg"
"2162637","‫Funtours Desert Safari Dubai‬","4.5","Dubai, Emirate of Dubai","2291","Dubai","United Arab Emirates",,,,"","https://media-cdn.tripadvisor.com/media/photo-o/07/ba/9a/e5/funtours-desert-safari.jpg"
"7395691","‫Jordan Private Tours and Travel‬","5","Amman, Amman Governorate","2586","Amman","Jordan","11623",,,,"https://media-cdn.tripadvisor.com/media/photo-m/1280/18/7d/43/e3/jordan-tours-petra.jpg"
"8273442","‫Expert Rangers Tourism‬","5","Dubai, Emirate of Dubai","2549","Dubai","United Arab Emirates",,,"Damascus Street","402, Al Zarooni Building,Al Qusais 2","https://media-cdn.tripadvisor.com/media/photo-m/1280/21/ca/e5/f3/rage-buggy.jpg"
"3915946","الشركة القطرية الدولية للمغامرات","5","Doha","2047","Doha","Qatar",,,,,"https://media-cdn.tripadvisor.com/media/photo-o/0f/39/3b/e1/qatar-desert-safari-with.jpg"
"16831506","‫Dubai Desert Ride‬","5","Dubai, Emirate of Dubai","3241","Dubai","United Arab Emirates",,,"60A, 14B Street, Jumeirah 2",,"https://media-cdn.tripadvisor.com/media/photo-o/1a/50/c0/0f/dubai-desert-ride.jpg"
"2216513","‫Jordan Select Tours‬","5","Amman, Amman Governorate","2125","Amman","Jordan","11183",,"194 Princess Basma Street","Abdoun","https://media-cdn.tripadvisor.com/media/photo-m/1280/2b/d7/3b/5a/the-timeless-beauty-of.jpg"
"10102116","دريم نايت تورز","5","Dubai, Emirate of Dubai","5189","Dubai","United Arab Emirates",,,,,"https://media-cdn.tripadvisor.com/media/photo-o/19/71/6a/e7/dream-night-desert-camp.jpg"
"1857111","‫The Yellow Boats‬","5","Dubai, Emirate of Dubai","4389","Dubai","United Arab Emirates","",,"Dubai Marina Walk","Opposite Spinneys Supermarket","https://media-cdn.tripadvisor.com/media/photo-o/0f/55/a4/98/atlantis-hotel-90-and.jpg"
"1176635","‫Dolphin Bay‬","4.5","Dubai, Emirate of Dubai","3238","Dubai","United Arab Emirates","",,"Crescent Dr","Atlantis,The Palm","https://media-cdn.tripadvisor.com/media/photo-m/1280/1b/cb/47/a9/dolphin-encounter.jpg"
"671295","الحجر الأسود","5","Mecca, Makkah Province","922","Mecca","Saudi Arabia","",,"","","https://media-cdn.tripadvisor.com/media/photo-o/0d/e7/fd/51/photo0jpg.jpg"
"5053663","‫Edge of The World‬","5","Riyadh, Riyadh Province","389","Riyadh","Saudi Arabia","11613",,,,"https://media-cdn.tripadvisor.com/media/photo-w/1b/c0/a2/57/getlstd-property-photo.jpg"
"4559047","‫Safa to Marwa‬","5","Mecca, Makkah Province","987","Mecca","Saudi Arabia","24231",,"Masjid Al Haram",,"https://media-cdn.tripadvisor.com/media/photo-o/0e/35/8d/99/safa-to-marwa.jpg"
"13901595","‫Oscar Knight Tours‬","5","Dubai, Emirate of Dubai","6069","Dubai","United Arab Emirates",,,,,"https://media-cdn.tripadvisor.com/media/photo-o/12/6d/56/07/getlstd-property-photo.jpg"
"2649200","‫Masjid Quba‬","5","Medina, Al Madinah Province","958","Medina","Saudi Arabia","42318",,"Al Hijrah Rd","Al Khatim","https://media-cdn.tripadvisor.com/media/photo-o/07/ae/91/43/mosquee-de-quba.jpg"
"675824","برج مركز المملكة","4.5","Riyadh, Riyadh Province","1914","Riyadh","Saudi Arabia","",,"King Fahad Road","","https://media-cdn.tripadvisor.com/media/photo-o/0e/f1/3d/c2/photo1jpg.jpg"
"319516","المسجد النبوي","5","Medina, Al Madinah Province","2366","Medina","Saudi Arabia","41412",,"Masjid Nabawi","Central Madina","https://media-cdn.tripadvisor.com/media/photo-o/11/a8/5e/e4/masjid-al-nabvi.jpg"
"8015905","‫Jannatul Baqi‬","5","Medina, Al Madinah Province","281","Medina","Saudi Arabia",,,,"Southeast of the Masjid al-Nabawi","https://media-cdn.tripadvisor.com/media/photo-o/12/af/e3/ea/img-20180403-164037-largejpg.jpg"
"6881993","المسجد الحرام","5","Mecca, Makkah Province","1348","Mecca","Saudi Arabia","24231",,"Al Haram Rd",,"https://media-cdn.tripadvisor.com/media/photo-m/1280/2b/f2/45/30/in-front-of-masjid-al.jpg"
"319513","‫Al Rahma Mosque‬","4","Jeddah, Makkah Province","431","Jeddah","Saudi Arabia","23613",,"6826 Corniche Rd","","https://media-cdn.tripadvisor.com/media/photo-o/0e/dd/d2/b3/caption.jpg"
"319508","‫Corniche‬","4","Al Khobar, Eastern Province","633","Al Khobar","Saudi Arabia","",,"","","https://media-cdn.tripadvisor.com/media/photo-o/04/47/a8/11/corniche.jpg"
"8150867","‫Al Rajhi Mosque‬","5","Riyadh, Riyadh Province","327","Riyadh","Saudi Arabia","14257",,"Al Akheyar, Al Jazirah",,"https://media-cdn.tripadvisor.com/media/photo-o/0d/eb/d5/93/al-rajhi-grand-mosque.jpg"
"2649199","مسجد القبلتين","5","Medina, Al Madinah Province","481","Medina","Saudi Arabia","42312",,"Al Qiblatayn","","https://media-cdn.tripadvisor.com/media/photo-m/1280/13/d1/7d/b0/pic-5.jpg"
"3533520","‫Abraj Al-Bait Towers‬","4.5","Mecca, Makkah Province","608","Mecca","Saudi Arabia",,,,,"https://media-cdn.tripadvisor.com/media/photo-o/0e/39/25/a5/menara-abraj-al-bait.jpg"
"2093377","‫Hegra‬","4.5","AlUla, Al Madinah Province","330","AlUla","Saudi Arabia","",,"","","https://media-cdn.tripadvisor.com/media/photo-m/1280/1b/73/0d/2f/one-of-alula-s-most-famous.jpg"
"4361549","واجهة روشن البحرية","4","Jeddah, Makkah Province","829","Jeddah","Saudi Arabia","23511",,"Ash Shati",,"https://media-cdn.tripadvisor.com/media/photo-o/06/65/1b/4b/jeddah-cornish.jpg"
"319521","جبل النور","4.5","Mecca, Makkah Province","390","Mecca","Saudi Arabia","24238",,,"","https://media-cdn.tripadvisor.com/media/photo-m/1280/15/f2/3a/a6/jabal-al-noor-mountain.jpg"
"4600507","‫Al-Rashid Mall‬","4","Al Khobar, Eastern Province","417","Al Khobar","Saudi Arabia",,,"Firas Ibn an Nadr Street",,"https://media-cdn.tripadvisor.com/media/photo-o/10/5d/51/c3/al-rashid-mall.jpg"
"10338077","الكعبة","5","Mecca, Makkah Province","697","Mecca","Saudi Arabia","24231",,"Al Masjid Al Haram Road","Masjid al Haram","https://media-cdn.tripadvisor.com/media/photo-o/10/67/5e/3e/kaaba.jpg"
"319505","‫Riyadh Zoo‬","3.5","Riyadh, Riyadh Province","601","Riyadh","Saudi Arabia","",,"Al Malaz","","https://media-cdn.tripadvisor.com/media/photo-o/01/6a/ed/52/riyadh.jpg"
"4020986","‫Fakieh Aquarium‬","4","Jeddah, Makkah Province","542","Jeddah","Saudi Arabia","23413",,"Al Kurnaysh Br Rd","Next to Al Nawras, Opp Al Shallal Theme Park","https://media-cdn.tripadvisor.com/media/photo-o/04/84/cf/f3/fakieh-aquarium.jpg"
"319490","‫Al Masmak Fortress‬","4.5","Riyadh, Riyadh Province","658","Riyadh","Saudi Arabia","12634",,"Al Thumairi St","Al Imam Turki Ibn Abd Allah Ibn Muhammad, Ad Dirah","https://media-cdn.tripadvisor.com/media/photo-o/09/b1/00/f4/masmak-citadel.jpg"
"6749688","‫Arabian Expedition‬","5","Dubai, Emirate of Dubai","2585","Dubai","United Arab Emirates",,,"Block R/23 Cluster France","Office 5","https://media-cdn.tripadvisor.com/media/photo-m/1280/2a/d0/d6/38/adrenaline-rush.jpg"
"2441573","مركز الفيصلية","4","Riyadh, Riyadh Province","663","Riyadh","Saudi Arabia","12212",,"King Fahad Road",,"https://media-cdn.tripadvisor.com/media/photo-o/02/6b/ae/53/inside-the-complex.jpg"
"2296346","مسجد التنعيم","4.5","Mecca, Makkah Province","276","Mecca","Saudi Arabia","",,"Al Hil","","https://media-cdn.tripadvisor.com/media/photo-o/0e/43/5c/60/menara-masjid-taneem.jpg"
"11667612","‫Royal Adventure Travel & Tourism‬","5","Dubai, Emirate of Dubai","3332","Dubai","United Arab Emirates",,,,,"https://media-cdn.tripadvisor.com/media/photo-o/1d/8f/47/21/dune-bashing.jpg"
"8743012","‫Station of Ibrahim‬","5","Mecca, Makkah Province","181","Mecca","Saudi Arabia","24231",,"Al Haram Road",,"https://media-cdn.tripadvisor.com/media/photo-o/0e/35/2b/7d/station-of-ibrahim.jpg"
"318900","‫Diriyah‬","4","Diryah, Riyadh Province","337","Diryah","Saudi Arabia","",,,"","https://media-cdn.tripadvisor.com/media/photo-o/2b/5d/23/30/with-the-city-of-earth.jpg"
"319501","‫Al-Balad‬","4.5","Jeddah, Makkah Province","1102","Jeddah","Saudi Arabia","21481",,"",,"https://media-cdn.tripadvisor.com/media/photo-o/01/7f/8e/c2/une-mosquee-a-l-entree.jpg"
"19436999","‫Trawey Tourism LLC‬","5","Dubai, Emirate of Dubai","3670","Dubai","United Arab Emirates","413943",,"Prime Tower, Business Bay, Dubai","17th Floor Unit 1707-063","https://media-cdn.tripadvisor.com/media/photo-m/1280/2a/ce/fd/0d/caption.jpg"
"10481114","ساحة البجيري","4.5","Diryah, Riyadh Province","306","Diryah","Saudi Arabia","13711",,"7295 King faisal Rd.",,"https://media-cdn.tripadvisor.com/media/photo-o/2b/47/34/27/behold-the-breathtaking.jpg"
"7092590","‫Al-Madina Museum‬","4.5","Medina, Al Madinah Province","112","Medina","Saudi Arabia","42362",,"Safwan Ibn Malik Al Tamimi","Al Mabuth","https://media-cdn.tripadvisor.com/media/photo-m/1280/13/f4/24/33/al-madina-museum-4.jpg"
"7148007","‫The Seven Mosques‬","4.5","Medina, Al Madinah Province","92","Medina","Saudi Arabia","42312",,"Khalid Ibn Al Walid Rd",,"https://media-cdn.tripadvisor.com/media/photo-o/0e/30/0b/f8/the-seven-mosques.jpg"
"3140287","‫Riyadh Gallery Mall‬","4","Riyadh, Riyadh Province","254","Riyadh","Saudi Arabia","",,"King Fahd Road",,"https://media-cdn.tripadvisor.com/media/photo-o/0d/f6/2c/fd/riyadh-gallery-mall.jpg"
"2162002","بيترا نايت تورز","5","Amman, Amman Governorate","1536","Amman","Jordan","11194",,"Al Monawwara St","Al Madina","https://media-cdn.tripadvisor.com/media/photo-o/03/72/a1/ad/petra-nights-tours-amman.jpg"
"318899","‫Qabel Trail‬","4","Jeddah, Makkah Province","111","Jeddah","Saudi Arabia","",,,"","https://media-cdn.tripadvisor.com/media/photo-o/0f/67/c2/ca/gabel-street.jpg"
"5989918","‫Al Qarah Mountain‬","4.5","Al Hofuf, Al Ahsa, Eastern Province","193","Al Hofuf","Saudi Arabia","36351",,,,"https://media-cdn.tripadvisor.com/media/photo-o/0e/05/35/44/view-of-rocks.jpg"
"4022456","مركز الملك عبد العزيز التاريخي","4.5","Riyadh, Riyadh Province","145","Riyadh","Saudi Arabia",,,"King Saud Rd",,"https://media-cdn.tripadvisor.com/media/photo-o/08/51/02/d8/king-abdulaziz-historical.jpg"
"2524569","‫Granada Center‬","4","Riyadh, Riyadh Province","244","Riyadh","Saudi Arabia","",,"Eastern Ring Branch Rd","","https://media-cdn.tripadvisor.com/media/photo-o/0d/20/d1/74/the-inside.jpg"
"3664950","‫Al Noor Mall‬","4","Medina, Al Madinah Province","135","Medina","Saudi Arabia","42331",,"King Abdullah Road, Branch Rd",,"https://media-cdn.tripadvisor.com/media/photo-o/0d/08/6f/63/photo5jpg.jpg"
"5000415","‫Othaim Mall‬","4","Dammam, Eastern Province","261","Dammam","Saudi Arabia","32236",,"Prince Mohammed Bin Fahd Rd",,"https://media-cdn.tripadvisor.com/media/photo-o/15/b6/24/22/othaim-mall-dammam-is.jpg"
"5966052","Old Town of AlUla","4.5","AlUla, Al Madinah Province","77","AlUla","Saudi Arabia","43562",,"375 Route",,"https://media-cdn.tripadvisor.com/media/photo-m/1280/1b/73/0c/cc/the-house-of-900-houses.jpg"
"319500","‫Biet Nassif‬","4.5","Jeddah, Makkah Province","183","Jeddah","Saudi Arabia",,,"Souq Al Alawi","Balad","https://media-cdn.tripadvisor.com/media/photo-m/1280/16/c2/41/75/photo0jpg.jpg"
"2043663","‫Balloon Adventures Dubai‬","5","Dubai, Emirate of Dubai","1141","Dubai","United Arab Emirates",,,,"","https://media-cdn.tripadvisor.com/media/photo-m/1280/25/48/ed/8c/on-the-way-to-our-authentic.jpg"
"6934794","‫Marjan Island‬","4","Dammam, Eastern Province","183","Dammam","Saudi Arabia","32421",,"Al-Hamra'a",,"https://media-cdn.tripadvisor.com/media/photo-o/06/5f/10/98/marjan-island.jpg"
"19357774","‫CLYMB Abu Dhabi‬","5","Abu Dhabi, Emirate of Abu Dhabi","1073","Abu Dhabi","United Arab Emirates","128717",,"Yas Mall","next To Ferrari World Entrance","https://media-cdn.tripadvisor.com/media/photo-m/1280/19/ec/22/e5/caption.jpg"
"8797173","‫R&h Vip Transportation Services‬","5","Amman, Amman Governorate","1282","Amman","Jordan",,,,,"https://media-cdn.tripadvisor.com/media/photo-o/09/7c/54/0c/r-h-vip-transportation.jpg"
"9564323","‫Ammar Tours‬","5","Dubai, Emirate of Dubai","2030","Dubai","United Arab Emirates","182846",,"Al Mamzar","Al Baker Plaza 8","https://media-cdn.tripadvisor.com/media/photo-m/1280/14/23/18/29/ammar-tours.jpg"
"5529963","‫Tahlia Street‬","4","Riyadh, Riyadh Province","141","Riyadh","Saudi Arabia","12241",,"Tahlia Street",,"https://media-cdn.tripadvisor.com/media/photo-o/08/c6/f5/2e/open-art-show-in-tahliah.jpg"
"9867143","‫Daymaniat Shells‬","5","Muscat, Muscat Governorate","606","Muscat","Oman","131",,"Al Mouj Marina",,"https://media-cdn.tripadvisor.com/media/photo-m/1280/1d/1d/97/a5/whaleshark-on-the-way.jpg"
"24179825","‫Sahara Adventure Tours & Safari‬","5","Dubai, Emirate of Dubai","2535","Dubai","United Arab Emirates","500001",,"Jumeirah Lakes Towers - Dubai","1202","https://media-cdn.tripadvisor.com/media/photo-m/1280/24/ac/4d/f1/caption.jpg"
"15224205","‫Hot Air Balloon UAE‬","5","Dubai, Emirate of Dubai","902","Dubai","United Arab Emirates","941941",,"Tiffany Tower, Cluster W, Jumeirah Lakes Towers","1202","https://media-cdn.tripadvisor.com/media/photo-m/1280/1f/01/cd/8e/caption.jpg"
"16695953","‫Al Marmoom Bedouin Experience‬","5","Dubai, Emirate of Dubai","1231","Dubai","United Arab Emirates","NA",,"Al Qudra lakes",,"https://media-cdn.tripadvisor.com/media/photo-m/1280/24/d9/4f/d3/caption.jpg"
"17652977","‫Navita tours‬","5","Dubai, Emirate of Dubai","1633","Dubai","United Arab Emirates","201301",,"Unit No.306, P5-Ocean Plaza near Sector-18 Metro Station, Noida, Gautam Budha Nagar",,"https://media-cdn.tripadvisor.com/media/photo-o/18/0b/e2/3e/caption.jpg"
"20356612","‫Maraya‬","4.5","AlUla, Al Madinah Province","30","AlUla","Saudi Arabia","43552",,"Al Atheeb",,"https://media-cdn.tripadvisor.com/media/photo-m/1280/1b/7f/e1/d8/the-world-s-largest-mirrored.jpg"
"23333112","‫Oman Landscape Tours‬","5","Muscat, Muscat Governorate","952","Muscat","Oman","113",,"18 November",,"https://media-cdn.tripadvisor.com/media/photo-o/25/03/3b/5c/caption.jpg"
"20361606","‫Al Khayma Camps‬","5","Dubai, Emirate of Dubai","296","Dubai","United Arab Emirates",,,"Al Aweer Desert",,"https://media-cdn.tripadvisor.com/media/photo-o/1b/3c/fa/82/sandboarding.jpg"
"24155108","‫Adventure Time Tourism‬","5","Doha","1275","Doha","Qatar","0000",,"180",,"https://media-cdn.tripadvisor.com/media/photo-m/1280/24/7c/07/98/caption.jpg"
"24166798","‫Mayra Tours LLC - Dubai‬","5","Dubai, Emirate of Dubai","2031","Dubai","United Arab Emirates","112561",,"1005 - Deira, Dubai National Insurance Building - Port Saeed - Dubai","Port Saeed Deira","https://media-cdn.tripadvisor.com/media/photo-m/1280/24/7e/86/a8/caption.jpg"
"11768099","‫Mount Arafat‬","5","Mecca, Makkah Province","100","Mecca","Saudi Arabia",,,,,"https://media-cdn.tripadvisor.com/media/photo-o/0d/cb/5a/85/mosque-of-arafat.jpg"
"9739459","جولات الشاب","5","Muscat, Muscat Governorate","912","Muscat","Oman","130",,,,"https://media-cdn.tripadvisor.com/media/photo-o/11/d9/d5/7a/juma-notre-guide-lors.jpg"
"4701157","‫Jabal-e-Rehmat‬","4.5","Mecca, Makkah Province","55","Mecca","Saudi Arabia","24256",,,,"https://media-cdn.tripadvisor.com/media/photo-o/05/50/90/1c/this-is-the-tanaim-place.jpg"
"7811061","Jabal AlFil (Elephant Rock)","4.5","AlUla, Al Madinah Province","129","AlUla","Saudi Arabia","43521",,,,"https://media-cdn.tripadvisor.com/media/photo-m/1280/1b/73/20/eb/this-spectacular-rock.jpg"
"11745450","‫Booqify - Amazing Jerusalem‬","5","Jerusalem, Jerusalem District","1397","Jerusalem","Israel","97500",,"Omar Ben Al Khatab Street","Jaffa Gate","https://media-cdn.tripadvisor.com/media/photo-o/2b/18/f2/79/visiting-the-temple-mount.jpg"
"9801240","أفاق / تطلعات الأردن للسياحة و السفر","5","Amman, Amman Governorate","1499","Amman","Jordan",,,"Amman, Wasfi Al Tal St",,"https://media-cdn.tripadvisor.com/media/photo-w/29/68/f9/4b/jordan-horizons-tours.jpg"
"6988471","بدو وادي رم","5","Wadi Rum Village, Wadi Rum, Al Aqabah Governorate","1203","Wadi Rum Village","Jordan",,,,,"https://media-cdn.tripadvisor.com/media/photo-o/24/ec/f0/2a/fawaz-mohammad-owner.jpg"
"18543400","‫Hello Desert Tourism Dubai‬","5","Dubai, Emirate of Dubai","1114","Dubai","United Arab Emirates","341837",,"Office No. 515, IT Plaza, Dubai Silicon Oasis Dubai",,"https://media-cdn.tripadvisor.com/media/photo-m/1280/21/e4/9d/a0/caption.jpg"
"7712343","‫Desert Gate Tourism‬","4.5","Dubai, Emirate of Dubai","1235","Dubai","United Arab Emirates",,,"Hessa Street","I Rise Tower 16 Barsha Heights","https://media-cdn.tripadvisor.com/media/photo-o/0d/a5/03/07/getlstd-property-photo.jpg"
"2069729","‫Jordan Direct Tours‬","5","Amman, Amman Governorate","812","Amman","Jordan","11183",,"Shihan Al Oqlah Street Abdoun, Amman 7","Second floor","https://media-cdn.tripadvisor.com/media/photo-o/01/f1/be/1b/petra.jpg"
"16644758","‫Desert Explorers Tourism‬","5","Dubai, Emirate of Dubai","1472","Dubai","United Arab Emirates",,,"Building F06, S12, China Cluster International City",,"https://media-cdn.tripadvisor.com/media/photo-o/1b/27/fb/f1/dune-bashing-on-red-dunes.jpg"
"19927183","‫Red Coral Dive Center‬","5","Aqaba, Al Aqabah Governorate","1134","Aqaba","Jordan","77110",,"Area four",,"https://media-cdn.tripadvisor.com/media/photo-m/1280/22/4f/64/7c/caption.jpg"
"9802592","‫Sun and Fun Water Sport‬","5","Dubai, Emirate of Dubai","1069","Dubai","United Arab Emirates","390080",,"Fishing Harbour","Umm Suqeim 2, Fishing Harbour","https://media-cdn.tripadvisor.com/media/photo-m/1280/1c/6a/f6/20/sun-and-fun-water-sport.jpg"
"10898020","‫Khat Tours and Safaris‬","5","Dubai, Emirate of Dubai","1163","Dubai","United Arab Emirates",,,"Damascus Street","Al Dhafra Building","https://media-cdn.tripadvisor.com/media/photo-m/1280/1c/bc/b1/4b/khattourism.jpg"
"2172502","‫Go Fishing Tours‬","5","Dubai, Emirate of Dubai","692","Dubai","United Arab Emirates","23433",,,"Dubai Marina, West Marina","https://media-cdn.tripadvisor.com/media/photo-o/1b/4a/7d/55/fishing-trips-in-dubai.jpg"
"8668965","‫Ride in Dubai Watersports‬","5","Dubai, Emirate of Dubai","1005","Dubai","United Arab Emirates",,,"Al fintaas street","Jumeira 4, Umm Suquem 1 Harbor","https://media-cdn.tripadvisor.com/media/photo-o/21/39/d1/11/travel-buddies.jpg"
"14009943","‫Sea Escape‬","5","Dubai, Emirate of Dubai","1162","Dubai","United Arab Emirates",,,,,"https://media-cdn.tripadvisor.com/media/photo-m/1280/1b/a6/bf/77/sea-escape.jpg"
"17651324","‫Get Your Tours‬","5","Dubai, Emirate of Dubai","1397","Dubai","United Arab Emirates","181422",,"Umm Ramool, Rashidiya","Office 104, 2nd Floor, Al Khazaan Building","https://media-cdn.tripadvisor.com/media/photo-o/29/39/d4/d4/caption.jpg"
"17721250","‫Xtreme Jet Ski‬","5","Dubai, Emirate of Dubai","1103","Dubai","United Arab Emirates",,,"2f - Al Fintaas St - Umm Suqeim 1 -",,"https://media-cdn.tripadvisor.com/media/photo-m/1280/25/11/a9/35/palm-jumeirah-jet-ski.jpg"
"4128744","‫Tiyoul-Tov Tourist Guide Francophone in Israel - Day Tours‬","5","Jerusalem, Jerusalem District","1494","Jerusalem","Israel","95000",,"Rehov Yaffo 25",,"https://media-cdn.tripadvisor.com/media/photo-o/0f/3c/67/da/michel-fugain-en-israel.jpg"
"25148758","‫Dubai Desert Safari Tour‬","5","Dubai, Emirate of Dubai","1035","Dubai","United Arab Emirates","N.A",,"Dubai",,"https://media-cdn.tripadvisor.com/media/photo-o/2a/32/a1/25/caption.jpg"
"23751872","‫Desert Point Tourism‬","5","Dubai, Emirate of Dubai","1010","Dubai","United Arab Emirates","114242",,"City centre - Office # 54 Shopping Center - 8th St - near Deira - Dubai","Near Deira City Center.","https://media-cdn.tripadvisor.com/media/photo-o/2b/a3/99/fc/caption.jpg"
"5443942","גרפיטיול","5","Tel Aviv, Tel Aviv District","1437","Tel Aviv","Israel",,,"Florentin neighborhood","33 Tzrifin street","https://media-cdn.tripadvisor.com/media/photo-o/0f/a4/3d/54/the-best-graffiti-tour.jpg"
"3953996","‫Qatar Inbound Tours‬","5","Doha","1680","Doha","Qatar",,,"Al Rawabi Street, Bld - 20","Concord Business Center","https://media-cdn.tripadvisor.com/media/photo-o/0e/41/a7/0d/black-desert.jpg"
"12234537","‫365 Adventures‬","5","Doha","1698","Doha","Qatar",,,,,"https://media-cdn.tripadvisor.com/media/photo-o/0e/bb/d9/cb/try-out-our-400-hp-luxury.jpg"
"23917764","‫Emirates Adventure Tours‬","5","Abu Dhabi, Emirate of Abu Dhabi","1013","Abu Dhabi","United Arab Emirates","00000",,"Muroor Road Abu Dhabi",,"https://media-cdn.tripadvisor.com/media/photo-o/2a/df/b8/98/caption.jpg"
"23810155","‫Alamal Tourism‬","5","Amman, Amman Governorate","767","Amman","Jordan","00000",,"Amman",,"https://media-cdn.tripadvisor.com/media/photo-o/21/aa/ea/06/caption.jpg"
"14046842","‫Star Tours Oman‬","5","Muscat, Muscat Governorate","1121","Muscat","Oman",,,,,"https://media-cdn.tripadvisor.com/media/photo-o/1c/99/72/37/logo.jpg"
"2195029","‫Silver Sands Beach‬","4","Jeddah, Makkah Province","175","Jeddah","Saudi Arabia","23821",,"Prince Abdullah AlFiasal St","","https://media-cdn.tripadvisor.com/media/photo-o/0c/6c/bf/ad/this-peninsula-is-clouse.jpg"
"7804209","‫Love Boats‬","5","Dubai, Emirate of Dubai","1099","Dubai","United Arab Emirates","392251",,,"Dubai Marina Walk Opposite Spinneys Supermarket","https://media-cdn.tripadvisor.com/media/photo-o/1a/cd/fe/5e/speed-boat-tour-company.jpg"
"16815145","‫Your Choice Tourism‬","5","Dubai, Emirate of Dubai","2593","Dubai","United Arab Emirates",,,,,"https://media-cdn.tripadvisor.com/media/photo-s/17/13/60/85/your-choice-tourism-llc.jpg"
"2195347","‫Mall of Arabia‬","4","Jeddah, Makkah Province","245","Jeddah","Saudi Arabia","",,"Madinah Road","","https://media-cdn.tripadvisor.com/media/photo-s/03/23/b5/d2/mall-of-arabia.jpg"
"4090222","‫Al Tayebat International City‬","4.5","Jeddah, Makkah Province","73","Jeddah","Saudi Arabia","23442",,"3170 Raihanat Al Jazirah",,"https://media-cdn.tripadvisor.com/media/photo-o/05/9d/5d/95/al-tayebat-international.jpg"
"23442554","‫Seven Tours Dubai‬","5","Dubai, Emirate of Dubai","1170","Dubai","United Arab Emirates","63174",,"Sheikh Zayed Road ","Al Khaimah building 2 Office No. 223 Al barsha 1","https://media-cdn.tripadvisor.com/media/photo-m/1280/2a/a2/17/bc/caption.jpg"
"9714512","‫King Fahd Glorious Quran Printing Complex‬","5","Medina, Al Madinah Province","54","Medina","Saudi Arabia",,,"Tabuk Trunk Road",,"https://media-cdn.tripadvisor.com/media/photo-o/10/ee/1b/79/king-fahd-glorious-quran.jpg"
"15572689","‫MolaMola Diving Center‬","5","Muscat, Muscat Governorate","872","Muscat","Oman","113",,"18th November","Al Mouj Marina","https://media-cdn.tripadvisor.com/media/photo-o/1c/76/53/55/caption.jpg"
"3701710","‫Frying Pan Food Adventures‬","5","Dubai, Emirate of Dubai","998","Dubai","United Arab Emirates","3039",,,,"https://media-cdn.tripadvisor.com/media/photo-m/1280/15/15/46/3c/frying-pan-adventures.jpg"
"8670838","‫Arruddaf Park‬","4.5","Taif, Makkah Province","80","Taif","Saudi Arabia","26514",,"Ar Ruddaf",,"https://media-cdn.tripadvisor.com/media/photo-m/1280/15/00/f6/09/caption.jpg"
"6881999","‫Abha Dam Lake‬","4.5","Abha, Asir Province","108","Abha","Saudi Arabia","62512",,,,"https://media-cdn.tripadvisor.com/media/photo-o/0a/ff/0f/6a/abu-khayyal-garden.jpg"
"2249334","‫Al Wahbah crater‬","4.5","Taif, Makkah Province","76","Taif","Saudi Arabia","",,"Hafir Kishb","","https://media-cdn.tripadvisor.com/media/photo-o/15/45/6a/2d/20181104-141114-largejpg.jpg"
"16850027","الرياض بارك مول","4.5","Riyadh, Riyadh Province","59","Riyadh","Saudi Arabia","13511",,"Northern Ring Branch Road",,"https://media-cdn.tripadvisor.com/media/photo-m/1280/17/02/7a/dc/riyadh-park-mall.jpg"
"3530458","‫Shafa Mountains‬","4","Taif, Makkah Province","136","Taif","Saudi Arabia","26765",,,,"https://media-cdn.tripadvisor.com/media/photo-o/0d/98/b7/ee/al-shafa-drive.jpg"
"8434729","‫King Khalid Grand Mosque‬","4.5","Riyadh, Riyadh Province","87","Riyadh","Saudi Arabia","12326",,"4289 Umm Al Hamam","Umm Al Hamam Al Gharbi","https://media-cdn.tripadvisor.com/media/photo-o/0a/43/66/4f/king-khalid-grand-mosque.jpg"
"2615272","‫Panorama Mall‬","4","Riyadh, Riyadh Province","122","Riyadh","Saudi Arabia","12332",,"Al Takhassusi St.","Al Ma'thar Ash Shamali","https://media-cdn.tripadvisor.com/media/photo-o/0a/fb/41/68/amazing-mall.jpg"
"2572906","ميدان الملك عبدالعزيز للفروسية","4.5","Riyadh, Riyadh Province","106","Riyadh","Saudi Arabia","13645",,"Al Jenadriyah Road","Al Thumamah Road","https://media-cdn.tripadvisor.com/media/photo-m/1280/15/7d/75/4d/equestrian-club-of-riyadh.jpg"
"1889405","حي الطريف التاريخي","4","Diryah, Riyadh Province","48","Diryah","Saudi Arabia","13711",,"Wadi Hanifah","","https://media-cdn.tripadvisor.com/media/photo-m/1280/16/4d/ed/46/authentic-old-city.jpg"
"6685856","‫Salam Park‬","4","Riyadh, Riyadh Province","163","Riyadh","Saudi Arabia","12651",,,,"https://media-cdn.tripadvisor.com/media/photo-o/0a/9b/a0/d1/caption.jpg"
"15829319","قطار الحرمين السريع","3.5","Mecca, Makkah Province","244","Mecca","Saudi Arabia",,,,,"https://media-cdn.tripadvisor.com/media/photo-o/16/39/ed/e0/mecca-metro-station.jpg"
"15042537","مركز الملك عبدالعزيز للثقافة العالمية","5","Dhahran, Eastern Province","59","Dhahran","Saudi Arabia",,,"8386 Ring Road,",,"https://media-cdn.tripadvisor.com/media/photo-m/1280/14/4d/4d/0f/ithra8.jpg"
"13087291","باونس جدة","5","Jeddah, Makkah Province","59","Jeddah","Saudi Arabia","23526",,"Muhammad Zaydan Rd, Behind Homeworks Nass Town","on the corner of Madinah Al-Munawarah Road and Al Muhammad Zaydan Road. An Naim District","https://media-cdn.tripadvisor.com/media/photo-o/12/14/ca/ef/photo0jpg.jpg"
"26721603","‫Hira Cultural District‬","5","Mecca, Makkah Province","16","Mecca","Saudi Arabia",,,"Mecca - Jabal Al-Nour - Hira Cultural District","A unique cultural tourist landmark in Mount Hira in Mecca. It takes advantage of the mountain's bounty and its historical status, and contributes to the cultural enrichment of pilgrims, Umrah performers and visitors. The neighborhood consists of the Revelation Gallery, the Holy Qur'an Museum, the Visitor Center, and the road to ascend to the Cave.","https://media-cdn.tripadvisor.com/media/photo-m/1280/2a/86/38/99/caption.jpg"
"5989928","‫Qaisariah Souq‬","4","Al Hofuf, Al Ahsa, Eastern Province","94","Al Hofuf","Saudi Arabia","36361",,"King Abdul Aziz Road",,"https://media-cdn.tripadvisor.com/media/photo-o/17/25/d6/a7/photo2jpg.jpg"
"7084575","‫New Abha Cable Car‬","4","Abha, Asir Province","78","Abha","Saudi Arabia","62512",,"Abha Al Jadidah, 3876",,"https://media-cdn.tripadvisor.com/media/photo-s/06/94/5b/af/cable-car.jpg"
"2415319","‫Madina Media Museum‬","4.5","Medina, Al Madinah Province","49","Medina","Saudi Arabia","",,"Dawoodi Park Street","","https://media-cdn.tripadvisor.com/media/photo-m/1280/13/f8/44/22/madina-media-museum-13.jpg"
"3653757","‫Al Salam Mall‬","4.5","Jeddah, Makkah Province","74","Jeddah","Saudi Arabia","07123",,"Prince Majid Road",,"https://media-cdn.tripadvisor.com/media/photo-s/03/29/b0/f9/al-salam-mall.jpg"
"26866034","‫Arabian Tourism‬","5","Doha","557","Doha","Qatar","00974",,"512.111.53",,"https://media-cdn.tripadvisor.com/media/photo-w/2b/24/fe/74/caption.jpg"
"3470105","‫Saqer-Aljazirah Aviation Museum‬","4","Riyadh, Riyadh Province","113","Riyadh","Saudi Arabia","95603",,"East Ring Road of Riyadh Between Exits 10 and 11","Junction of Prince Abdullah Road & Service Road","https://media-cdn.tripadvisor.com/media/photo-m/1280/14/4e/72/b3/good-fighter.jpg"
"2646188","‫Hayat Mall‬","4","Riyadh, Riyadh Province","91","Riyadh","Saudi Arabia","",,"King Abdulaziz Road","","https://media-cdn.tripadvisor.com/media/photo-o/10/17/c1/11/hayat-mall.jpg"
"8670865","‫Wadi Namar‬","4","Riyadh, Riyadh Province","102","Riyadh","Saudi Arabia","14961",,"Al Warad",,"https://media-cdn.tripadvisor.com/media/photo-o/09/c3/83/34/photo0jpg.jpg"
"6649181","‫Jerusalem With Jeremy‬","5","Jerusalem, Jerusalem District","910","Jerusalem","Israel","9789185",,"92/7 Ha-Khayil",,"https://media-cdn.tripadvisor.com/media/photo-o/05/ec/1c/5b/jerusalem-with-jeremy.jpg"
"17753273","‫Maya Israel Tours‬","5","Jerusalem, Jerusalem District","736","Jerusalem","Israel",,,,,"https://media-cdn.tripadvisor.com/media/photo-o/18/a9/7a/55/jerusalem.jpg"
"17559453","‫Tahseen Jaradat‬","5","Amman, Amman Governorate","589","Amman","Jordan","11191",,"Jordan","amman","https://media-cdn.tripadvisor.com/media/photo-o/1c/cf/d8/d7/caption.jpg"
"17733631","‫Desert Team Tourism‬","5","Dubai, Emirate of Dubai","453","Dubai","United Arab Emirates","0000",,"France Cluster, International City","R 23, Shop No. 3","https://media-cdn.tripadvisor.com/media/photo-o/18/41/d2/fe/caption.jpg"
"6456457","‫Guia Brasileiro Em Israel -  Tours‬","5","Tel Aviv, Tel Aviv District","741","Tel Aviv","Israel","6655018",,"Guia Brasileiro Em Israel - Tours 34/503, Derekh Kibuts Galuyot","Sala /503","https://media-cdn.tripadvisor.com/media/photo-w/23/2a/d2/13/guiabrasileiroemisrael.jpg"
"9764740","‫Destination Insight‬","5","Dubai, Emirate of Dubai","898","Dubai","United Arab Emirates",,,"Diamond Business Centre Building B",,"https://media-cdn.tripadvisor.com/media/photo-m/1280/26/7a/68/f4/dinner-under-the-star.jpg"
"18857934","‫Dubai Desert Safari‬","5","Dubai, Emirate of Dubai","593","Dubai","United Arab Emirates",,,,,"https://media-cdn.tripadvisor.com/media/photo-o/29/2a/a5/1d/desert-safari-dubai.jpg"
"6023342","‫Al Sansool‬","5","Muscat, Muscat Governorate","720","Muscat","Oman","100",,"Marina Bandar Alrawdha",,"https://media-cdn.tripadvisor.com/media/photo-o/1a/21/cd/e5/logo.jpg"
"8322024","مركز نيمو للغوص","5","Dubai, Emirate of Dubai","601","Dubai","United Arab Emirates",,,"Azure Residences - The Palm Jumeirah",,"https://media-cdn.tripadvisor.com/media/photo-o/1c/ee/24/6d/nemo-logo.jpg"
"10207915","‫Daytur Tourism‬","5","Dubai, Emirate of Dubai","851","Dubai","United Arab Emirates",,,,,"https://media-cdn.tripadvisor.com/media/photo-o/0f/ec/d0/70/desert-safari-dubai-our.jpg"
"15141029","‫Kurdistan Iraq Guide‬","5","Erbil, Erbil Province","448","Erbil","Iraq","44001",,"Ainkawa",,"https://media-cdn.tripadvisor.com/media/photo-w/1c/4a/7b/1f/khanis.jpg"
"15611150","‫Desert Thrill‬","5","Dubai, Emirate of Dubai","748","Dubai","United Arab Emirates",,,,,"https://media-cdn.tripadvisor.com/media/photo-m/1280/16/49/3c/82/desert-safari.jpg"
"15180714","‫Dubai Explorers‬","5","Dubai, Emirate of Dubai","1068","Dubai","United Arab Emirates",,,,,"https://media-cdn.tripadvisor.com/media/photo-o/1a/c7/06/6f/desert-safari-with-camel.jpg"
"23733783","‫Doha Transit and Tours‬","5","Doha","455","Doha","Qatar","0000",,"Zone: 18 building 81, street 840","14th Floor","https://media-cdn.tripadvisor.com/media/photo-o/24/90/9e/1f/caption.jpg"
"4536773","الراشـد ميغا مـول","4","Medina, Al Madinah Province","110","Medina","Saudi Arabia","42361",,"King Abdullah Branch Rd","Second Ring Road","https://media-cdn.tripadvisor.com/media/photo-m/1280/13/f9/06/87/rashed-mall-18.jpg"
"10376857","ديب بلو دايف سنتر","5","Aqaba, Al Aqabah Governorate","1110","Aqaba","Jordan","77110",,"Al Nahda Street","Tala Bay Resort","https://media-cdn.tripadvisor.com/media/photo-w/28/5b/31/11/nothing-like-a-great.jpg"
"11721733","‫Masjid Al Ghamamah‬","5","Medina, Al Madinah Province","53","Medina","Saudi Arabia","42311",,"Al Haram",,"https://media-cdn.tripadvisor.com/media/photo-o/0e/20/98/3a/masjid-al-ghamamah.jpg"
"4400471","‫Experience Jordan Adventures‬","5","Amman, Amman Governorate","775","Amman","Jordan","11185",,"Abd Ar-Rahim Al-Hajj Muhammad St. 41",,"https://media-cdn.tripadvisor.com/media/photo-m/1280/27/f7/65/08/experience-jordan-adventures.jpg"
"12229932","خصاب ساند تورز","5","Khasab, Musandam Governorate","538","Khasab","Oman",,,,,"https://media-cdn.tripadvisor.com/media/photo-o/11/24/2e/b4/photo8jpg.jpg"
"12527573","‫Sherazade Travel & Tourism‬","5","Amman, Amman Governorate","521","Amman","Jordan","11194",,"Youssef Ben Tashfin Street 88",,"https://media-cdn.tripadvisor.com/media/photo-o/0f/8d/cb/4b/wadi-rum.jpg"
"319518","‫Makkah Gate‬","4","Jeddah, Makkah Province","87","Jeddah","Saudi Arabia","",,"","","https://media-cdn.tripadvisor.com/media/photo-o/0f/38/bc/b3/starting-of-haram.jpg"
"10887875","مسجد أبو بكر","4.5","Medina, Al Madinah Province","43","Medina","Saudi Arabia","42311",,"Al Haram",,"https://media-cdn.tripadvisor.com/media/photo-o/0d/06/9e/20/abu-bakar-masjid.jpg"
"12216344","الأندلس مول","4","Jeddah, Makkah Province","27","Jeddah","Saudi Arabia","22245",,"Prince Majid Rd",,"https://media-cdn.tripadvisor.com/media/photo-o/0f/b8/4d/40/alandalus-mall.jpg"
"12196135","‫World Sights Park‬","4","Riyadh, Riyadh Province","46","Riyadh","Saudi Arabia","12482",,"Eastern Ring Road",,"https://media-cdn.tripadvisor.com/media/photo-o/0e/98/41/63/faisaliyah-tower-ksa.jpg"
"3957906","‫Yanbu Lakes‬","4","Yanbu, Al Madinah Province","89","Yanbu","Saudi Arabia",,,"Al-mina Street",,"https://media-cdn.tripadvisor.com/media/photo-o/04/49/45/02/yanbu-lakes.jpg"
"8526897","‫Jawatha Mosque‬","4.5","Al Hofuf, Al Ahsa, Eastern Province","21","Al Hofuf","Saudi Arabia",,,,,"https://media-cdn.tripadvisor.com/media/photo-o/12/14/99/bf/jawatha-mosque.jpg"
"8797484","‫Jouri Mall‬","4.5","Taif, Makkah Province","42","Taif","Saudi Arabia",,,"King Khalid and Khalid bin Walid Road",,"https://media-cdn.tripadvisor.com/media/photo-m/1280/18/0c/d9/63/amazing-food-court.jpg"
"3653758","‫haifaa Mall‬","4","Jeddah, Makkah Province","76","Jeddah","Saudi Arabia","126359 Jeddah 21352",,"Madina Palestine Roads Intersection",,"https://media-cdn.tripadvisor.com/media/photo-o/09/ae/f8/26/haifaa-mall.jpg"
"5560551","‫Al-Shallal Theme Park‬","4","Jeddah, Makkah Province","56","Jeddah","Saudi Arabia","21312",,"Al Kurnaysh Rd",,"https://media-cdn.tripadvisor.com/media/photo-o/05/dd/68/d5/shallal-park.jpg"
"10083524","مدينة اشيقر التاريخية","4.5","Ushaiqer, Riyadh Province","31","Ushaiqer","Saudi Arabia",,,"Heritage Village",,"https://media-cdn.tripadvisor.com/media/photo-o/12/a0/57/ca/alfilaqia-musqe-in-ushaiqer.jpg"
"13535062","‫Jeddah Water Front Park‬","4.5","Jeddah, Makkah Province","23","Jeddah","Saudi Arabia",,,"Cornische Road",,"https://media-cdn.tripadvisor.com/media/photo-o/16/3f/85/02/cycling-and-jogging-track.jpg"
"8178758","‫Imam Turki Bin Abdullah Grand Mosque‬","4.5","Riyadh, Riyadh Province","60","Riyadh","Saudi Arabia",,,"Al Imam Turki Ibn Abdullah Ibn Muhammad",,"https://media-cdn.tripadvisor.com/media/photo-o/08/02/79/3a/getlstd-property-photo.jpg"
"11865242","غاليريا مول","4","Al Jubail, Eastern Province","71","Al Jubail","Saudi Arabia",,,"Al Khamees Rd,",,"https://media-cdn.tripadvisor.com/media/photo-o/12/7d/af/5a/p-20180331-110236-vhdr.jpg"
"9716535","נאוטילוס רד סי","5","Eilat, Southern District","819","Eilat","Israel",,,,,"https://media-cdn.tripadvisor.com/media/photo-o/09/fb/ff/2a/nautilus-red-sea.jpg"
"10338027","سوق الحجاز","4","Mecca, Makkah Province","23","Mecca","Saudi Arabia",,,,,"https://media-cdn.tripadvisor.com/media/photo-o/0b/7e/b7/54/souq-al-hijaz.jpg"
"8376617","‫Adventure Sports - Al Hamra‬","5","Ras Al Khaimah, Emirate of Ras Al Khaimah","633","Ras Al Khaimah","United Arab Emirates","29780",,"Vienna Street","Al Jazirat Al Hamra","https://media-cdn.tripadvisor.com/media/photo-o/12/1c/3e/12/parasailing-with-adventures.jpg"
"4567684","‫Jordan Inspiration Tours‬","5","Petra - Wadi Musa, Ma'an Governorate","753","Petra - Wadi Musa","Jordan","71810",,,,"https://media-cdn.tripadvisor.com/media/photo-o/28/76/ca/c6/monastery.jpg"
"23751311","‫Dubai Leisure Holidays LLC‬","5","Dubai, Emirate of Dubai","830","Dubai","United Arab Emirates","Dubai",,"Above R.A.K. Bank, Sheikh Zayed Road, Dubai, U.A.E","M-02, DNI Bldg","https://media-cdn.tripadvisor.com/media/photo-o/0e/9c/3b/51/getlstd-property-photo.jpg"
"11960498","‫Desert Safari Dubai‬","5","Dubai, Emirate of Dubai","821","Dubai","United Arab Emirates",,,,,"https://media-cdn.tripadvisor.com/media/photo-o/0e/14/e4/14/getlstd-property-photo.jpg"
"15237430","‫New Horizon Travel and Tours‬","5","Dubai, Emirate of Dubai","1036","Dubai","United Arab Emirates",,,,"SM 10 A, NEW Al Safia Bldng","https://media-cdn.tripadvisor.com/media/photo-m/1280/1a/e3/90/46/sunset-photo-stop.jpg"
"1416619","الليالي العربية للسياحة","4.5","Dubai, Emirate of Dubai","1230","Dubai","United Arab Emirates","",,"Sheikh Zayed Raod","Al Durrah Tower, Next to Crowne Plaza Hotel","https://media-cdn.tripadvisor.com/media/photo-o/22/5f/c6/47/evening-desert-safari.jpg"
"3653764","‫Aziz Mall‬","4","Jeddah, Makkah Province","70","Jeddah","Saudi Arabia","23447",,"Prince Majid, Al Faisaliyah District",,"https://media-cdn.tripadvisor.com/media/photo-o/0b/99/ea/2a/caption.jpg"
"7288383","‫Jordan Day Tour and More - Day Tours‬","5","Amman, Amman Governorate","402","Amman","Jordan","11171",,"Jubran Khalil Jubran Street",,"https://media-cdn.tripadvisor.com/media/photo-o/19/22/b8/aa/wadi-rum.jpg"
"10031473","‫Prince Mohamed bin Fahd Stadium‬","4","Dammam, Eastern Province","37","Dammam","Saudi Arabia","32241",,"Prince Mohamed bin Fahd Road",,"https://media-cdn.tripadvisor.com/media/photo-o/0b/6c/ac/71/dammam-stadium-prince.jpg"
"8746870","טיולים ואתגרים","5","Bat Yam, Tel Aviv District","686","Bat Yam","Israel","2412802",,"52 Ha-Nevi'im",,"https://media-cdn.tripadvisor.com/media/photo-m/1280/2a/8e/fe/7e/caption.jpg"
"10757680","‫Flamingo Mall‬","3.5","Jeddah, Makkah Province","41","Jeddah","Saudi Arabia","23338",,"4965 Prince Majid Road","Al aziziyah","https://media-cdn.tripadvisor.com/media/photo-o/0c/e8/7f/6c/mall.jpg"
"485189","‫Asir National Park‬","4.5","Abha, Asir Province","16","Abha","Saudi Arabia","",,"","","https://media-cdn.tripadvisor.com/media/photo-m/1280/13/b1/5c/3e/asir-national-park.jpg"
"8661352","‫Uqair Beach‬","4","Al Hofuf, Al Ahsa, Eastern Province","41","Al Hofuf","Saudi Arabia",,,,,"https://media-cdn.tripadvisor.com/media/photo-o/0e/05/23/46/clean-and-clear-water.jpg"
"19415041","‫King Saud University Stadium‬","5","Riyadh, Riyadh Province","7","Riyadh","Saudi Arabia","12372",,"Ash Shaikh Hasan Ibn Abdullah Al Ash Shaikh","King Saud University","https://media-cdn.tripadvisor.com/media/photo-m/1280/1a/8f/4d/c2/festa-finale-sotto-la.jpg"
"9882778","‫Al Nakheel Beach‬","4","Al Jubail, Eastern Province","82","Al Jubail","Saudi Arabia","35718",,"Rd 101",,"https://media-cdn.tripadvisor.com/media/photo-o/0a/8c/4e/e3/at-al-nakheel-beach.jpg"
"19370686","‫Ithra‬","4.5","Al Khobar, Eastern Province","20","Al Khobar","Saudi Arabia","35512",,"8386 Ring Rd, Gharb Al Dhahran, Az Zahran",,"https://media-cdn.tripadvisor.com/media/photo-m/1280/2b/3a/45/92/caption.jpg"
"10464933","‫Masjid Jummah‬","4.5","Medina, Al Madinah Province","29","Medina","Saudi Arabia",,,,,"https://media-cdn.tripadvisor.com/media/photo-m/1280/13/f9/0e/27/masjid-jummah-3.jpg"
"3697909","‫Dumat Al-Jundal‬","4.5","Dumah Al Jandal, Jouf Province","18","Dumah Al Jandal","Saudi Arabia",,,,,"https://media-cdn.tripadvisor.com/media/photo-m/1280/18/b6/36/22/dumat-al-jundal.jpg"
"8150871","‫Othman Ibn Affan Mosque‬","4.5","Riyadh, Riyadh Province","23","Riyadh","Saudi Arabia",,,"Uthman Ibn Affan Road",,"https://media-cdn.tripadvisor.com/media/photo-o/0a/43/5e/ba/othman-ibn-affan-mosque.jpg"
"8380253","‫Joatha Mosque‬","4.5","Al Ahsa, Eastern Province","23","Al Ahsa","Saudi Arabia",,,,,"https://media-cdn.tripadvisor.com/media/photo-o/0a/1e/41/ca/inside-the-mosque.jpg"
"12556471","مسجد الجفالي","4.5","Jeddah, Makkah Province","27","Jeddah","Saudi Arabia","22235",,"Al Madinah Al Munawarah Rd,",,"https://media-cdn.tripadvisor.com/media/photo-o/17/43/b3/9c/the-mosque.jpg"
"8390467","‫Ibrahim Palace‬","4","Al Hofuf, Al Ahsa, Eastern Province","44","Al Hofuf","Saudi Arabia","36361",,"King Khalid Rd",,"https://media-cdn.tripadvisor.com/media/photo-o/0a/a6/14/f6/ibrahim-palace.jpg"
"8732522","بيت البسام بعنيزة","4.5","Unaizah, Al Qasim Province","20","Unaizah","Saudi Arabia",,,"Medina Road",,"https://media-cdn.tripadvisor.com/media/photo-m/1280/15/d9/b0/7a/caption.jpg"
"24186467","‫Harrat Viewpoint‬","4.5","AlUla, Al Madinah Province","14","AlUla","Saudi Arabia",,,"Harrat Viewpoint",,"https://media-cdn.tripadvisor.com/media/photo-m/1280/29/c2/38/fa/my-wife-and-daughter.jpg"
"13837488","جامع الراجحي","5","Ha'il, Ha'il Province","11","Ha'il","Saudi Arabia",,,"Fahd Ibn Abdul Aziz Rd",,"https://media-cdn.tripadvisor.com/media/photo-o/12/d8/58/6e/caption.jpg"
"10748135","‫Hassan Enany Mosque‬","4.5","Jeddah, Makkah Province","26","Jeddah","Saudi Arabia",,,"Al Kurnaysh Rd,",,"https://media-cdn.tripadvisor.com/media/photo-o/0f/d1/9b/91/hassan-enany-mosque.jpg"
"7199305","‫Qasr Marid‬","4.5","Dumah Al Jandal, Jouf Province","19","Dumah Al Jandal","Saudi Arabia",,,"Dawmat Al Jandal","Al Hudud Ash Shamaliyah","https://media-cdn.tripadvisor.com/media/photo-o/10/ec/de/75/qasr-marid.jpg"
"3488148","‫Darat Safeya Bizagr‬","4.5","Jeddah, Makkah Province","14","Jeddah","Saudi Arabia",,,"Wali al-Ahnd St. a.k.a. King Abdullah Road","corner of Al Madina Al Munawwara Road","https://media-cdn.tripadvisor.com/media/photo-o/09/ed/ec/a1/darat-safeya-bizagr.jpg"
"9461498","‫Naila Art Gallery‬","4.5","Riyadh, Riyadh Province","16","Riyadh","Saudi Arabia","12334",,"Al takhassosi Street","Bldg 247, #2","https://media-cdn.tripadvisor.com/media/photo-o/11/5c/9f/74/20171114-201536-largejpg.jpg"
"9770086","مركز التسوق الحويلات","3.5","Al Jubail, Eastern Province","72","Al Jubail","Saudi Arabia","35718",,"Al - huwailat st",,"https://media-cdn.tripadvisor.com/media/photo-o/0c/8c/64/e0/jubail-city-center-road.jpg"
"3664964","‫Mall Of Dhahran‬","4.5","Dhahran, Eastern Province","397","Dhahran","Saudi Arabia","34457",,"Mall of Dhahran Blvd",,"https://media-cdn.tripadvisor.com/media/photo-o/0c/79/11/58/caption.jpg"
"8732533","متحف العقيلات","5","Buraidah, Al Qasim Province","10","Buraidah","Saudi Arabia",,,,,"https://media-cdn.tripadvisor.com/media/photo-o/2b/30/a5/b4/caption.jpg"
"15224547","‫Raptor Tours And Safari‬","5","Dubai, Emirate of Dubai","912","Dubai","United Arab Emirates","624247",,"Dubai, UAE","GR 69 - New Al Safiya Building","https://media-cdn.tripadvisor.com/media/photo-o/16/69/89/fe/caption.jpg"
"19710173","‫High City‬","4.5","Abha, Asir Province","9","Abha","Saudi Arabia","62511",,"6169 King Abdul Aziz Rd",,"https://media-cdn.tripadvisor.com/media/photo-m/1280/2b/1e/c2/ca/caption.jpg"
"24178398","‫Musk Tours‬","5","Dubai, Emirate of Dubai","1016","Dubai","United Arab Emirates","224983",,"Ras Al Khor Avenue","Caf-12","https://media-cdn.tripadvisor.com/media/photo-m/1280/24/a0/ff/d7/caption.jpg"
"20833022","‫WelcomeToSocotra‬","5","Socotra Island","203",,"Yemen","2020",,"20th Street",,"https://media-cdn.tripadvisor.com/media/photo-m/1280/1b/4b/5a/f9/caption.jpg"
"7194066","‫Globe Roundabout‬","3.5","Jeddah, Makkah Province","226","Jeddah","Saudi Arabia",,,,,"https://media-cdn.tripadvisor.com/media/photo-o/16/47/31/11/img-2387669847669-largejpg.jpg"
"15190436","‫Royal Desert Tours‬","5","Dubai, Emirate of Dubai","813","Dubai","United Arab Emirates",,,"Atana",,"https://media-cdn.tripadvisor.com/media/photo-o/14/ef/20/7e/tourist-enjoy-in-desert.jpg"
"319523","‫Al Thumama Desert‬","3.5","Riyadh, Riyadh Province","19","Riyadh","Saudi Arabia","",,"","","https://media-cdn.tripadvisor.com/media/photo-o/12/cb/63/fa/desert.jpg"
"12876010","سوق السمك المركزي","4","Jeddah, Makkah Province","21","Jeddah","Saudi Arabia",,,"Al Kurnaysh Rd,",,"https://media-cdn.tripadvisor.com/media/photo-o/15/c6/72/b7/central-fish-market.jpg"
"10020478","‫Souq Okaz‬","4","Taif, Makkah Province","26","Taif","Saudi Arabia",,,"40 km form Taif City",,"https://media-cdn.tripadvisor.com/media/photo-o/0c/97/5a/3e/souq-okaz.jpg"
"7272118","‫Gallery One‬","4.5","Jeddah, Makkah Province","20","Jeddah","Saudi Arabia",,,"Red Sea Mall","Next to Virgin Mega Store in Red Sea Mall","https://media-cdn.tripadvisor.com/media/photo-o/08/42/e8/b4/destination-in-time-by.jpg"
"3987712","بحيرة الأصفر","4","Al Ahsa, Eastern Province","27","Al Ahsa","Saudi Arabia",,,"East of Al Umran City",,"https://media-cdn.tripadvisor.com/media/photo-o/0e/56/9b/96/photo6jpg.jpg"
"7186534","‫Athr Gallery‬","4.5","Jeddah, Makkah Province","19","Jeddah","Saudi Arabia","23441",,"Tahlia Street",,"https://media-cdn.tripadvisor.com/media/photo-o/0a/a6/02/ea/athr-space-1.jpg"
"17782661","‫Murex Activities & Tours‬","5","Doha","547","Doha","Qatar","00000",,"Building no. 19, 960 Tariq Bin Ziyad St.","Old Al Ghanim","https://media-cdn.tripadvisor.com/media/photo-o/18/6d/37/4b/caption.jpg"
"7261406","‫Yanbu Al-Bahr Beach‬","4","Yanbu, Al Madinah Province","76","Yanbu","Saudi Arabia",,,"King Abdullah Road, Al-Jaar",,"https://media-cdn.tripadvisor.com/media/photo-o/07/ff/32/61/yanbu-al-bahr-beach.jpg"
"8646775","كادي مول","4","Jazan, Jizan Province","24","Jazan","Saudi Arabia",,,,,"https://media-cdn.tripadvisor.com/media/photo-o/0d/ca/d1/7d/the-favourite-shopping.jpg"
"8655829","‫Green Mountain Park‬","4","Taif, Makkah Province","16","Taif","Saudi Arabia",,,"Alhada Road",,"https://media-cdn.tripadvisor.com/media/photo-o/0f/ff/78/db/green-mountain-park.jpg"
"8656078","‫Shubra Palace‬","4","Taif, Makkah Province","29","Taif","Saudi Arabia",,,"7881 Shubra",,"https://media-cdn.tripadvisor.com/media/photo-o/0b/fb/0c/d2/shubra-palace.jpg"
"3653760","سلام مول","4","Riyadh, Riyadh Province","17","Riyadh","Saudi Arabia","14924",,"4419 Western Ring Branch Rd",,"https://media-cdn.tripadvisor.com/media/photo-s/03/29/b3/0e/salam-mall.jpg"
"3681586","‫Za'abal Castle‬","4","Sakaka, Jouf Province","26","Sakaka","Saudi Arabia",,,,,"https://media-cdn.tripadvisor.com/media/photo-m/1280/16/56/d9/4b/photo1jpg.jpg"
"12135058","مركز الملك فهد الثقافي","4.5","Riyadh, Riyadh Province","20","Riyadh","Saudi Arabia","12752",,,"Ar Rafiah","https://media-cdn.tripadvisor.com/media/photo-m/1280/15/cd/66/0b/caption.jpg"
"7269162","‫Al Rawda Park‬","3.5","Riyadh, Riyadh Province","31","Riyadh","Saudi Arabia","11422",,"Al Rawda Park","Ibn Shahein Street","https://media-cdn.tripadvisor.com/media/photo-o/08/2a/5b/b9/al-rawda-park.jpg"
"20871364","‫Al Diwan‬","4.5","AlUla, Al Madinah Province","12","AlUla","Saudi Arabia","43524",,"Madain Saleh",,"https://media-cdn.tripadvisor.com/media/photo-m/1280/1b/73/0c/0e/religious-or-ritual-practices.jpg"
"17376345","متحف الطيبين","5","Al Khobar, Eastern Province","6","Al Khobar","Saudi Arabia",,,,,"https://media-cdn.tripadvisor.com/media/photo-m/1280/17/45/c7/f4/caption.jpg"
"3948889","‫Empty Quarter‬","4.5","Sharorah, Nejran Province","10","Sharorah","Saudi Arabia",,,,,"https://media-cdn.tripadvisor.com/media/photo-o/03/e0/f4/07/empty-quarter.jpg"
"19657871","‫Riyadh Front‬","4.5","Riyadh, Riyadh Province","10","Riyadh","Saudi Arabia","13413",,"King Khalid International Airport",,"https://media-cdn.tripadvisor.com/media/photo-m/1280/29/5f/53/cd/fine-dining-restaurant.jpg"
"19993941","‫Nofa Wildlife Park‬","4.5","Riyadh, Riyadh Province","8","Riyadh","Saudi Arabia",,,"Exit 857, New Mecca Highway",,"https://media-cdn.tripadvisor.com/media/photo-m/1280/2c/76/92/9d/caption.jpg"
"12713322","متحف قلعة تبوك","4","Tabouk, Tabuk Province","15","Tabouk","Saudi Arabia",,,"Prince Fahd Ibn Sultan Road",,"https://media-cdn.tripadvisor.com/media/photo-o/10/62/79/6f/caption.jpg"
"23854917","‫Wadi Al Disah‬","5","Tabuk Province","6",,"Saudi Arabia",,,"Southwest Province of Tabuk",,"https://media-cdn.tripadvisor.com/media/photo-m/1280/2b/22/2b/f6/wadi-dessah-winter-trip.jpg"
"8656001","‫Saiysad National Park‬","4","Taif, Makkah Province","14","Taif","Saudi Arabia",,,"Airport Road",,"https://media-cdn.tripadvisor.com/media/photo-o/0e/96/67/6c/saysaad.jpg"
"12545819","متحف شريف","4.5","Taif, Makkah Province","9","Taif","Saudi Arabia","26514",,"As Sadad",,"https://media-cdn.tripadvisor.com/media/photo-o/0f/98/6e/f7/arab-street-life-area.jpg"
"9997459","‫Heraa International Mall‬","3.5","Jeddah, Makkah Province","33","Jeddah","Saudi Arabia","23526",,"Hira street / Al-Madinah Al-Munawarah Rd",,"https://media-cdn.tripadvisor.com/media/photo-o/0e/95/70/bc/caption.jpg"
"14051705","دانا مول","4.5","Yanbu, Al Madinah Province","8","Yanbu","Saudi Arabia",,,"King Abdulaziz Road",,"https://media-cdn.tripadvisor.com/media/photo-o/14/15/07/6d/dana-mall-during-night.jpg"
"7927557","‫Ayun AlSeih (Means Eyes of Al-Seeh)‬","4","Al Kharj, Riyadh Province","22","Al Kharj","Saudi Arabia",,,"King Abdullah Road",,"https://media-cdn.tripadvisor.com/media/photo-o/08/6f/7c/88/ayun-alseih-means-eyes.jpg"
"10031318","مارينا مول","4","Dammam, Eastern Province","111","Dammam","Saudi Arabia","324168467",,"2927 Al Khalij Road",,"https://media-cdn.tripadvisor.com/media/photo-o/0b/83/90/bd/caption.jpg"
"12655208","الحمراء مول","4","Riyadh, Riyadh Province","17","Riyadh","Saudi Arabia",,,"Kind Abdallah Road",,"https://media-cdn.tripadvisor.com/media/photo-o/0f/e9/9e/9f/photo1jpg.jpg"
"6473930","‫ABC Tours Dubai‬","5","Dubai, Emirate of Dubai","10753","Dubai","United Arab Emirates",,,"Port Saeed",,"https://media-cdn.tripadvisor.com/media/photo-s/1c/10/5b/f1/oldest-iso-certified.jpg"
"10538936","قلعة تاروت التراثية","4.5","Al Qatif, Eastern Province","11","Al Qatif","Saudi Arabia",,,"3 Street",,"https://media-cdn.tripadvisor.com/media/photo-m/1280/16/2d/89/5e/photo0jpg.jpg"
"7167785","‫Al Okhdood Archaeological Site‬","4","Nejran, Nejran Province","20","Nejran","Saudi Arabia",,,,,"https://media-cdn.tripadvisor.com/media/photo-o/08/52/39/e8/al-okhdood-archaeological.jpg"
"11657861","المعذر الكهف بارك","4","Riyadh, Riyadh Province","17","Riyadh","Saudi Arabia","12713",,"King Turki Bin Abdulaziz Road",,"https://media-cdn.tripadvisor.com/media/photo-o/0f/d8/b2/7e/king-abdullah-cancer.jpg"
"10020473","Jeddah Ghair","4.5","Jeddah, Makkah Province","11","Jeddah","Saudi Arabia",,,"Jeddah Corniche Waterfront",,"https://media-cdn.tripadvisor.com/media/photo-s/0d/60/a8/9c/jeddah-ghair.jpg"
"3653759","‫Khurais Mall‬","4","Riyadh, Riyadh Province","20","Riyadh","Saudi Arabia","341904 Riyadh 11333",,"Khurais Road, Exit 28",,"https://media-cdn.tripadvisor.com/media/photo-o/08/8b/0e/64/khurais-mall.jpg"
"14792138","واحة الأحساء ،","4","Al Ahsa, Eastern Province","7","Al Ahsa","Saudi Arabia",,,"Al Ahsa National Park",,"https://media-cdn.tripadvisor.com/media/photo-w/17/23/87/48/caption.jpg"
"23842982","‫Elite Rentals Dubai‬","5","Dubai, Emirate of Dubai","475","Dubai","United Arab Emirates",,,"Blue Bay, Tower Business Bay, Office 307","Showroom 7 in Marina Moon Tower","https://media-cdn.tripadvisor.com/media/photo-m/1280/2a/2f/77/57/elite-rentals-dubai-is.jpg"
"8434723","‫Princess Latifa Bint Sultan Bin Abdulaziz Mosque‬","5","Riyadh, Riyadh Province","24","Riyadh","Saudi Arabia",,,"Takassusi Street","Intersection of King Abdullah Street, Opposite Sulaiman Habib Hospital","https://media-cdn.tripadvisor.com/media/photo-o/0a/cf/39/c8/caption.jpg"
"6700563","‫Jeddah Lighthouse‬","4","Jeddah, Makkah Province","37","Jeddah","Saudi Arabia",,,,,"https://media-cdn.tripadvisor.com/media/photo-o/0b/3e/2b/cb/jeddah-lighthouse-height.jpg"
"1998260","فرستيمنت","4","Riyadh, Riyadh Province","43","Riyadh","Saudi Arabia","",,"2nd Roundabout, Thumama","Althumamh","https://media-cdn.tripadvisor.com/media/photo-o/11/7d/00/ba/keep-the-action-level.jpg"
"23815655","جَبَل ثَوْر‎,","5","Mecca, Makkah Province","1","Mecca","Saudi Arabia",,,,,"https://media-cdn.tripadvisor.com/media/photo-o/21/bb/77/e0/shop-at-the-top-of-the.jpg"
"1023177","‫Farasan Banks‬","5","Farasan, Jizan Province","2","Farasan","Saudi Arabia","",,"","","https://media-cdn.tripadvisor.com/media/photo-m/1280/21/6e/74/91/farasan-banks.jpg"
"23916090","‫Rijal Almaa Museum‬","4.5","Abha, Asir Province","3","Abha","Saudi Arabia",,,"Brightest Region Of Asir Province Of Rojal",,"https://media-cdn.tripadvisor.com/media/photo-o/28/69/46/4f/caption.jpg"
"23616245","‫Strawberry Farm‬","5","Al Hada, Makkah Province","5","Al Hada","Saudi Arabia","26794",,"5h",,"https://media-cdn.tripadvisor.com/media/photo-o/20/d5/3b/0d/strawberry-farm.jpg"
"10020474","‫Riyadh International Book Fair‬","4.5","Riyadh, Riyadh Province","13","Riyadh","Saudi Arabia","124518259",,"2446 King Abdullah Ibn Abdulaziz Road","Riyadh International Convention & Exhibition Center","https://media-cdn.tripadvisor.com/media/photo-o/0c/01/64/3f/the-exhibit-from-outside.jpg"
"23616757","مزرعة الفراولة","5","Taif, Makkah Province","3","Taif","Saudi Arabia","26794",,"Al Hada, Alhuda",,"https://media-cdn.tripadvisor.com/media/photo-m/1280/21/82/8a/6a/caption.jpg"
"19650523","‫Wadi Lajab‬","5","Jizan Province","6",,"Saudi Arabia",,,"Khatwat Al Ain",,"https://media-cdn.tripadvisor.com/media/photo-m/1280/26/ab/ba/d8/wadi-lajab.jpg"
"19069014","‫Masjid Addas‬","4","Taif, Makkah Province","2","Taif","Saudi Arabia",,,,,"https://media-cdn.tripadvisor.com/media/photo-m/1280/2a/3c/64/7f/caption.jpg"
"8011691","‫Hafouf National Museum‬","4","Al Hofuf, Al Ahsa, Eastern Province","10","Al Hofuf","Saudi Arabia","36362",,"Prince Sultan Road",,"https://media-cdn.tripadvisor.com/media/photo-o/12/a5/00/05/img-20180414-123442-largejpg.jpg"
"25307591","‫Yanbu Night Market‬","4.5","Yanbu, Al Madinah Province","4","Yanbu","Saudi Arabia","46424",,"King Faisal Road",,"https://media-cdn.tripadvisor.com/media/photo-m/1280/29/4f/f0/9b/yanbu-night-market.jpg"
"10107820","جاو مول","4","Al Kharj, Riyadh Province","16","Al Kharj","Saudi Arabia",,,"King Fahd Road",,"https://media-cdn.tripadvisor.com/media/photo-o/0a/b8/37/fe/jaw-mall.jpg"
"10750251","‫Al Faisaliah garden‬","4","Taif, Makkah Province","12","Taif","Saudi Arabia",,,"Al Huwaya",,"https://media-cdn.tripadvisor.com/media/photo-o/0c/9e/8a/71/al-faisaliah-garden.jpg"
"19821001","وادي طيب اسم","5","Maqnah, Tabuk Province","4","Maqnah","Saudi Arabia",,,,,"https://media-cdn.tripadvisor.com/media/photo-o/1a/7f/b7/eb/img-20200103-212851-336.jpg"
"26100935","‫The Prophet Mosque Expansion Exihibition‬","4.5","Medina, Al Madinah Province","3","Medina","Saudi Arabia",,,"Prophet Mosque",,
"12791561","‫King Abdullah Road Walk‬","4","Riyadh, Riyadh Province","15","Riyadh","Saudi Arabia",,,"King Abdullah Road",,"https://media-cdn.tripadvisor.com/media/photo-o/1a/4f/09/97/amazing-walk-after-rainy.jpg"
"14843662","جبيل مول","4","Al Jubail, Eastern Province","7","Al Jubail","Saudi Arabia",,,"King AbdulAziz Road",,"https://media-cdn.tripadvisor.com/media/photo-o/21/5a/4a/6f/transfer-furniture-in.jpg"
"8732472","منتزه فيصل بن بندر","4","Riyadh, Riyadh Province","11","Riyadh","Saudi Arabia","51951",,"King Abd El Aziz Road",,"https://media-cdn.tripadvisor.com/media/photo-s/1a/b5/61/48/photo1jpg.jpg"
"19095560","‫Othaim Mall‬","4.5","Riyadh, Riyadh Province","4","Riyadh","Saudi Arabia",,,"Eastern Ring Branch Road, Between Exit 14 and Exit 15",,"https://media-cdn.tripadvisor.com/media/photo-m/1280/1a/f3/21/91/photo2jpg.jpg"
"20483930","‫Hejaz Railway Museum‬","4","Medina, Al Madinah Province","3","Medina","Saudi Arabia","42315",,"Omar Ibn Alkhtab Rd.",,"https://media-cdn.tripadvisor.com/media/photo-o/1b/5b/2c/d9/caption.jpg"
"13778640","‫Grand Mall‬","4","Ha'il, Ha'il Province","7","Ha'il","Saudi Arabia",,,"King Saud Road,",,"https://media-cdn.tripadvisor.com/media/photo-o/12/d8/3c/a5/grand-mall.jpg"
"7001088","غابات رغدان","4","Al Bahah, Baha Province","39","Al Bahah","Saudi Arabia",,,,,"https://media-cdn.tripadvisor.com/media/photo-o/12/11/b7/7a/caption.jpg"
"20871302","‫Jabal Ithlib‬","5","AlUla, Al Madinah Province","4","AlUla","Saudi Arabia","",,,,"https://media-cdn.tripadvisor.com/media/photo-m/1280/1b/80/08/0a/jabal-ithlib-a-natural.jpg"
"13913205","سكاي زون","4","Dammam, Eastern Province","5","Dammam","Saudi Arabia",,,"Ash Shati Ash Sharqi,",,"https://media-cdn.tripadvisor.com/media/photo-o/15/c3/ed/bd/skyzone-its-trampoline.jpg"
"4502481","‫Scitech (Prince Sultan Science And Technology Center)‬","4","Al Khobar, Eastern Province","133","Al Khobar","Saudi Arabia","31952",,"Corniche Road",,"https://media-cdn.tripadvisor.com/media/photo-o/04/39/64/a0/scitech-technology-center.jpg"
